{
  "format_version": "1.13.0",
  "minecraft:entity": {
    "description": {
      "identifier": "minecraft:armor_stand",
      "is_spawnable": false,
      "is_summonable": true,
      "is_experimental": false
    },
    "component_groups": {
      "sas:nametag_show_comp_t": {
        "minecraft:nameable": {
          "always_show": true
        },
	    "minecraft:scale": {
           "value": 0.0
        }
      },
      "sas:nametag_show_comp_f": {
        "minecraft:nameable": {
          "always_show": false
        }
      },
      "sas:scale_0.5": {
        "minecraft:scale": {
          "value": 0.5
        }
      },
      "sas:scale_1.0": {
        "minecraft:scale": {
          "value": 1.0
        }
      },
      "sas:scale_1.5": {
        "minecraft:scale": {
          "value": 1.5
        }
      },
      "sas:scale_2.0": {
        "minecraft:scale": {
          "value": 2.0
        }
      },

      "sas:is_invis": {
        "minecraft:spell_effects": {
          "add_effects": [
            {
              "effect": "invisibility",
              "duration": 50000,
              "visible": false
            }
          ]
        }
      },
      "sas:is_not_invis": {
        "minecraft:spell_effects": {
          "remove_effects": [
            "invisibility"
          ]
        }
      },

      "sas:ticking_2": {
        "minecraft:tick_world": {
          "radius": 2
        }
      },
      "sas:ticking_4": {
        "minecraft:tick_world": {
          "radius": 4
        }
      },
      "sas:ticking_6": {
        "minecraft:tick_world": {
          "radius": 6
        }
      }
    },
    "components": {
      "minecraft:type_family": {
        "family": [
          "armor_stand",
          "inanimate",
          "mob"
        ]
      },
      "minecraft:collision_box": {
        "width": 0.1,
        "height": 0.1
      },
      "minecraft:health": {
        "value": 999,
        "max": 999
      },
      "minecraft:hurt_on_condition": {
        "damage_conditions": [
          {
            "filters": {
              "test": "in_lava",
              "subject": "self",
              "operator": "==",
              "value": true
            },
            "cause": "lava",
            "damage_per_tick": 4
          }
        ]
      },
      "minecraft:loot": {
        "table": "loot_tables/entities/armor_stand.json"
      },
      "minecraft:nameable": {
        "name_actions": [
          {
            "name_filter": "nametag:show",
            "on_named": {
              "event": "sas:nametag_show_t",
              "target": "self"
            }
          },
          {
            "name_filter": "nametag:hide",
            "on_named": {
              "event": "sas:nametag_show_f",
              "target": "self"
            }
          },
          {
            "name_filter": "scale:0.5",
            "on_named": {
              "event": "sas:set_scale_0.5",
              "target": "self"
            }
          },
          {
            "name_filter": "scale:1.0",
            "on_named": {
              "event": "sas:set_scale_1.0",
              "target": "self"
            }
          },
          {
            "name_filter": "scale:1.5",
            "on_named": {
              "event": "sas:set_scale_1.5",
              "target": "self"
            }
          },
          {
            "name_filter": "scale:2.0",
            "on_named": {
              "event": "sas:set_scale_2.0",
              "target": "self"
            }
          },
          {
            "name_filter": "visible:false",
            "on_named": {
              "event": "sas:go_invis",
              "target": "self"
            }
          },
          {
            "name_filter": "visible:true",
            "on_named": {
              "event": "sas:go_vis",
              "target": "self"
            }
          },
          {
            "name_filter": "tickingarea:2",
            "on_named": {
              "event": "sas:start_ticker_2",
              "target": "self"
            }
          },
          {
            "name_filter": "tickingarea:4",
            "on_named": {
              "event": "sas:start_ticker_4",
              "target": "self"
            }
          },
          {
            "name_filter": "tickingarea:6",
            "on_named": {
              "event": "sas:start_ticker_6",
              "target": "self"
            }
          }
        ]
      },
      "minecraft:persistent": {},
      "minecraft:pushable": {
        "is_pushable": false,
        "is_pushable_by_piston": true
      }
    },
    "events": {
      "sas:start_ticker_2": {
        "add": {
          "component_groups": [
            "sas:ticking_2"
          ]
        }
      },
      "sas:start_ticker_4": {
        "add": {
          "component_groups": [
            "sas:ticking_4"
          ]
        }
      },
      "sas:start_ticker_6": {
        "add": {
          "component_groups": [
            "sas:ticking_6"
          ]
        }
      },
      "sas:nametag_show_t": {
        "add": {
          "component_groups": [
            "sas:nametag_show_comp_t"
          ]
        },
        "remove": {
          "component_groups": [
            "sas:nametag_show_comp_f"
          ]
        }
      },
      "sas:nametag_show_f": {
        "add": {
          "component_groups": [
            "sas:nametag_show_comp_f"
          ]
        },
        "remove": {
          "component_groups": [
            "sas:nametag_show_comp_t"
          ]
        }
      },
      "sas:set_scale_0.5": {
        "add": {
          "component_groups": [
            "sas:scale_0.5"
          ]
        }
      },
      "sas:set_scale_1.0": {
        "add": {
          "component_groups": [
            "sas:scale_1.0"
          ]
        }
      },
      "sas:set_scale_1.5": {
        "add": {
          "component_groups": [
            "sas:scale_1.5"
          ]
        }
      },
      "sas:set_scale_2.0": {
        "add": {
          "component_groups": [
            "sas:scale_2.0"
          ]
        }
      },
      "sas:go_invis": {
        "add": {
          "component_groups": [
            "sas:is_invis"
          ]
        }
      },
      "sas:go_vis": {
        "add": {
          "component_groups": [
            "sas:is_not_invis"
          ]
        },
        "remove": {
          "component_groups": [
            "sas:is_invis"
          ]
        }
      }
    }
  }
}