{
  "format_version": "1.14",
  "minecraft:entity": {
    "description": {
      "identifier": "space:blobbot",
      "is_spawnable": true,
      "is_summonable": true,
      "is_experimental": false
    },
    "component_groups": {
    },
    
    "components": {

      //the family type for filters
    "minecraft:type_family": {
        "family": [
            "space",
            "blobbot",
            "neutral",
            "nether_mob"
        ]
    },
    "minecraft:scale": {
        "value": 1.2
    },


    "minecraft:breathable": {
        "totalSupply": 15,
        "suffocateTime": 0
    },
    //hitbox/shadow
    "minecraft:collision_box": {
        "width": 0.0,
        "height": 0.0
    },
    //health, speed and some other self-explainable properties
    "minecraft:nameable": {},
    "minecraft:health": {
        "value": 26,
        "max": 30
    },
    "minecraft:movement": {
        "value": 0.00
    },

    //How the mob navigates
    "minecraft:navigation.walk": {
        "can_path_over_water": true,
        "avoid_damage_blocks": true
    },

    "minecraft:physics": {}

    },




    "events": {

    }

  }
}