{
  "format_version": "1.14",
  "minecraft:entity": {
    "description": {
      "identifier": "space:bshield",
      "is_spawnable": true,
      "is_summonable": true,
      "is_experimental": false
    },
    "component_groups": {
	
		 "minecraft:workbench": {
		  "minecraft:scale": {
	  		"value": 2
	    	}
      },
	  "space:despawn": {
        "minecraft:instant_despawn": {}
      }
	
    },
    
    "components": {

    "minecraft:type_family": {
        "family": [
            "space",
            "bshield",
            "neutral",
            "nether_mob"
        ]
    },
    "minecraft:scale": {
        "value": 1.2
    },


    "minecraft:breathable": {
        "totalSupply": 15,
        "suffocateTime": 0
    },
    "minecraft:fire_immune": {
    },
    "minecraft:nameable": {},
    "minecraft:health": {
        "value": 999,
        "max": 999
    },
    "minecraft:movement": {
        "value": 0.00
    },
      "minecraft:damage_sensor": {
        "triggers": {
          "on_damage": {
            "filters": {
              "test": "has_damage",
              "value": "fatal"
            },
            "event": "space:despawn",
            "target": "self"
          }
        }
    }

    },




    "events": {
      "minecraft:work": {
        "add": {
          "component_groups": [
            "minecraft:workbench"
          ]
        }
      },
	  "space:despawn": {
        "add": {
          "component_groups": [
            "space:despawn"
          ]
        }
	  }
    }

  }
}