{
  "format_version": "1.14",
  "minecraft:entity": {
    "description": {
      "identifier": "space:controls",
      "is_spawnable": true,
      "is_summonable": true,
      "is_experimental": false
    },
    "component_groups": {
    },
    
    "components": {

      
      "minecraft:interact": {
        "interactions": [
          {
            "on_interact": {
              "filters": {
              }
            },
			  "spawn_items": {
				"table": "loot_tables/entities/control.json"
			  }
          }
        ]
      },

      //the family type for filters
    "minecraft:type_family": {
        "family": [
            "space",
            "controls",
            "neutral",
            "nether_mob"
        ]
    },
    "minecraft:scale": {
        "value": 1.5
    },


    "minecraft:breathable": {
        "totalSupply": 15,
        "suffocateTime": 0
    },
    //hitbox/shadow
    "minecraft:collision_box": {
        "width": 1.0,
        "height": 1.0
    },
    //health, speed and some other self-explainable properties
    "minecraft:nameable": {},
    "minecraft:health": {
        "value": 26,
        "max": 30
    },
    "minecraft:movement": {
        "value": 0.00
    },

    //How the mob navigates
    "minecraft:navigation.walk": {
        "can_path_over_water": true,
        "avoid_damage_blocks": true
    },

     "minecraft:push_through": {
        "value": 1
      },

    "minecraft:physics": {},

    
    "minecraft:damage_sensor": {
      "triggers": {
          "cause": "all",
          "deals_damage": false
      }
    }


    },
    "minecraft:pushable": {
      "is_pushable": false,
      "is_pushable_by_piston": true
    },



    "events": {

    }

  }
}