{
	"format_version": "1.16.100",
	"minecraft:entity": {
		"description": {
			"identifier": "space:dummy",
			"is_spawnable": false,
			"is_summonable": true,
			"is_experimental": false
		},

		"components": {
			"minecraft:physics": {
				"has_gravity": true,
				"has_collision": true
			},
			"minecraft:rideable": {
	        "seat_count": 1,
	        "interact_text": "",
	        "pull_in_entities": false,
	        "seats": {
	        	"lock_rider_rotation": 0,
	            "position": [ 0.0, 1.8, 0.0]
	        	}
	        },
				"minecraft:pushable": {
				"is_pushable": false
			},
			"minecraft:push_through": {
				"value": 1
			}
		}
	}
}