{
    "format_version": "1.14",
    "minecraft:entity": {
      "description": {
        "identifier": "space:lightbeam",
        "is_spawnable": true,
        "is_summonable": true,
        "is_experimental": false
      },
      "component_groups": {
      
           "minecraft:lightbeam": {
            "minecraft:scale": {
                "value": 1
              }
        }
      
      },
      
      "components": {
  
        //the family type for filters
      "minecraft:type_family": {
          "family": [
              "space",
              "dish",
              "neutral",
              "nether_mob"
          ]
      },
      "minecraft:scale": {
          "value": 2
      },
      "minecraft:collision_box": {
        "width": 0.1,
        "height": 0.1
      },
  
  
      "minecraft:breathable": {
          "totalSupply": 15,
          "suffocateTime": 0
      },
      //health, speed and some other self-explainable properties
      "minecraft:nameable": {},
      "minecraft:health": {
          "value": 26,
          "max": 30
      },
      "minecraft:movement": {
          "value": 0.00
      },
      "minecraft:physics": {
      },
  
      //How the mob navigates
      "minecraft:navigation.walk": {
          "can_path_over_water": true,
          "avoid_damage_blocks": true
      }
  
      },
  
  
  
  
      "events": {
        "minecraft:work": {
          "add": {
            "component_groups": [
              "minecraft:workbench"
            ]
          }
        }
      }
  
    }
  }