{
  "format_version": "1.10.0",
  "minecraft:entity": {
    "description": {
      "identifier": "space:mechtarget",
      "is_spawnable": true,
      "is_summonable": true,
      "is_experimental": false
    },
    "component_groups": {},
    "components": {
      "minecraft:type_family": {
        "family": ["mechtarget"]
      },
      "minecraft:movement": {
        "value": 0
      },
      "minecraft:hurt_on_condition": {
        "damage_conditions": [
          {
            "filters": { "test": "in_lava", "subject": "self", "operator": "==", "value": true },
            "cause": "lava",
            "damage_per_tick": 4
          }
        ]
      },
      "minecraft:health": {
        "value": 10,
        "max": 10
      },
      "minecraft:pushable": {
        "is_pushable": false,
        "is_pushable_by_piston": false
      },
      "minecraft:scale": {
        "value": 1.0
      },
      "minecraft:fall_damage": {
        "value": 0
      },
      "minecraft:collision_box": {
        "width": 1,
        "height": 1
      },
      "minecraft:push_through": {
        "value": 0
      },
      "minecraft:persistent": {
      },
      "minecraft:physics": {
      }
    },
    "events": {}
  }
}
