{
  "format_version": "1.16.0",
  "minecraft:entity": {
    "description": {
      "identifier": "space:mechanic",
      "is_spawnable": true,
      "is_summonable": true,
      "is_experimental": false
    },

    "component_groups":{
      "minecraft:mechanic": {
        "minecraft:scale": {
          "value": 0.5
        }
      }
    },
    
    "components":{
      "minecraft:nameable": {
      },
      "minecraft:collision_box": {
        "width": 1,
        "height": 1
      },
      "minecraft:health": {
        "value": 1,
        "max": 1
      },
      "minecraft:hurt_on_condition": {
        "damage_conditions": [
          {
            "filters": { "test": "in_lava", "subject": "self", "operator": "==", "value": true },
            "cause": "lava",
            "damage_per_tick": 4
          }
        ]
      },
      "minecraft:movement": {
        "value": 0.6
      },
      "minecraft:navigation.walk": {
        "can_path_over_water": true,
        "can_sink": false
      },
      "minecraft:movement.basic": {
      },
      "minecraft:jump.static": {
      },
      "minecraft:can_climb": {
      },

      "minecraft:leashable": {
        "soft_distance": 4.0,
        "hard_distance": 6.0,
        "max_distance": 10.0
      },
      "minecraft:despawn": {
        "despawn_from_distance": {}
      },
      "minecraft:behavior.random_stroll": {
        "priority": 19,
        "speed_multiplier": 0.8
      },
      "minecraft:physics": {
      },
      "minecraft:pushable": {
        "is_pushable": true,
        "is_pushable_by_piston": true
      },
      "minecraft:conditional_bandwidth_optimization": {
      },

      "minecraft:behavior.nearest_attackable_target": {
        "must_see": true, 
        "reselect_targets": true, 
        "within_radius": 25.0, 
        "must_see_forget_duration": 17.0, 
        "entity_types": [
          {
            "filters": { 
              "test": "is_family",
              "subject": "other",
              "value": "mechtarget"
            },
            "max_dist": 48.0
          }
        ]
      },
      "minecraft:attack": {
        "damage": 3
      },
      "minecraft:behavior.melee_attack": {
        "priority": 3,
        "melee_fov": 90.0, 
        "speed_multiplier": 1,
        "track_target": false,
        "require_complete_path": false
      }
      
    },
    
    "events":{

    }
  }
}
