{
  "format_version": "1.14",
  "minecraft:entity": {
    "description": {
      "identifier": "space:robot_ride",
      "is_spawnable": true,
      "is_summonable": true,
      "is_experimental": false
    },
    "component_groups": {

      "minecraft:workbench": {
        "minecraft:scale": {
          "value": 2
        }
      }

    },

    "components": {

      //the family type for filters
      "minecraft:type_family": {
        "family": [
          "space",
          "robot",
          "neutral",
          "nether_mob"
        ]
      },
      "minecraft:scale": {
        "value": 1.2
      },


      "minecraft:breathable": {
        "totalSupply": 15,
        "suffocateTime": 0
      },
      "minecraft:fire_immune": {
      },
      //hitbox/shadow
      "minecraft:collision_box": {
        "width": 0.0,
        "height": 0.0
      },
      //health, speed and some other self-explainable properties
      "minecraft:nameable": {},
      "minecraft:health": {
        "value": 99999,
        "max": 99999
      },
      "minecraft:movement": {
        "value": 0.02
      },

      //How the mob navigates
      "minecraft:navigation.walk": {
        "can_path_over_water": true,
        "avoid_damage_blocks": true
      },
      "minecraft:persistent": {
      },

      "minecraft:rideable": {
        "speed_multiplier": 0.2,
        "seat_count": 1,
        "interact_text": "",
        "pull_in_entities": false,
        "seats": {
          "position": [ 0.0, 2.0, -1.5]

        }
      },

      "minecraft:behavior.player_ride_tamed": {
      },

      "minecraft:is_tamed": {
      },

      "minecraft:is_saddled": {},

      "minecraft:input_ground_controlled": {},

      "minecraft:behavior.controlled_by_player": {
        "priority": 0
      },
      "minecraft:behavior.mount_pathing": {
        "priority": 1,
        "speed_multiplier": 0.2,
        "target_dist": 4.0,
        "track_target": true
      },
      "minecraft:movement": {
        "value": 0.2
      },
      "minecraft:navigation.walk": {
        "can_path_over_water": true,
        "avoid_damage_blocks": true,
        "avoid_water": true,
        "can_sink": false
      },
      "minecraft:movement.basic": {"value": 0.2},
      "minecraft:jump.static": {},

      "minecraft:can_fly": {
      },


      //hitbox/shadow
      "minecraft:collision_box": {
        "width": 1.0,
        "height": 2.0
      },

      "minecraft:nameable": {},
      "minecraft:health": {
        "value": 26,
        "max": 30
      },

      "minecraft:physics": {"has_gravity": true}
    },




    "events": {
      "minecraft:work": {
        "add": {
          "component_groups": [
            "minecraft:workbench"
          ]
        }
      }
    }

  }
}