{
  "format_version": "1.10.0",
  "minecraft:entity": {
    "description": {
      "identifier": "space:text",
      "is_spawnable": true,
      "is_summonable": true,
      "is_experimental": false
    },
    "component_groups": {},
    "components": {
      "minecraft:type_family": {
        "family": ["marker"]
      },
      "minecraft:movement": {
        "value": 0
      },
	  "minecraft:nameable": {
          "always_show": true
      },
      "minecraft:scale": {
        "value": 1.0
      },
      "minecraft:fall_damage": {
        "value": 0
      },
      "minecraft:collision_box": {
        "width": 0.0,
        "height": 0.0
      },
      "minecraft:damage_sensor": [
        {
          "cause": "all",
          "deals_damage": false
        }
      ],
      "minecraft:push_through": {
        "value": 1
      },
      "minecraft:persistent": {
      }
    },
    "events": {}
  }
}
