{
  "format_version": "1.14",
  "minecraft:entity": {
    "description": {
      "identifier": "space:tradavoid",
      "is_spawnable": true,
      "is_summonable": true,
      "is_experimental": false
    },
    "component_groups": {
	
		 "minecraft:tradavoid": {
		  "minecraft:scale": {
	  		"value": 1
	    	}
      }
	
    },
    
    "components": {

      //the family type for filters
    "minecraft:type_family": {
        "family": [
            "space",
            "tradavoid",
            "neutral",
            "nether_mob"
        ]
    },
    "minecraft:scale": {
        "value": 1
    },

    //health, speed and some other self-explainable properties
    "minecraft:nameable": {},

    "minecraft:movement": {
        "value": 0.00
    },
    "minecraft:physics": {
    }


    }

  }
}