{
  "format_version": "1.14",
  "minecraft:entity": {
    "description": {
      "identifier": "space:weapondisplay",
      "is_spawnable": true,
      "is_summonable": true,
      "is_experimental": false
    },
    "component_groups": {
	
		 "minecraft:weapondisplay": {
		  "minecraft:scale": {
	  		"value": 2
	    	}
      }
	
    },
    
    "components": {

      //the family type for filters
    "minecraft:type_family": {
        "family": [
            "space",
            "weapondisplay",
            "neutral",
            "nether_mob"
        ]
    },
    "minecraft:scale": {
        "value": 1.2
    },


    "minecraft:damage_sensor": {
      "triggers": {
          "cause": "all",
          "deals_damage": false
      }
    },


    "minecraft:physics": {"has_gravity": false}
    //health, speed and some other self-explainable properties




    //How the mob navigates


    }



  }
}